{
    "000000-999999":

        {
            "r_edges": [
                0.0,
                3.1,
                6.2,
                9.3,
                12.4,
                15.5,
                18.6,
                21.7,
                24.8,
                27.900000000000002,
                31.0
            ],
            "z_edges": [
                -52.0,
                -46.8,
                -41.6,
                -36.4,
                -31.2,
                -26.0,
                -20.799999999999997,
                -15.600000000000001,
                -10.399999999999999,
                -5.199999999999996,
                0.0
            ],
            "hist_ratio": [
                [
                    0.2668067226890756,
                    0.2161272627537027,
                    0.1694459386767079,
                    0.1492027334851936,
                    0.13164823591363875,
                    0.10211841390548615,
                    0.10208333333333333,
                    0.09859154929577464,
                    0.09793541556379036,
                    0.08295194508009153
                ],
                [
                    0.27896995708154504,
                    0.22512526843235506,
                    0.1814480439015755,
                    0.15350008997660608,
                    0.12528878620934777,
                    0.11175198269646719,
                    0.10413020651032552,
                    0.09608540925266904,
                    0.08962510897994769,
                    0.09752198241406874
                ],
                [
                    0.26632954066582387,
                    0.20945220193340494,
                    0.17030335284725917,
                    0.1369892017785306,
                    0.12028104026845637,
                    0.10385980002150307,
                    0.09537227701311368,
                    0.0933080008444163,
                    0.09565778159931212,
                    0.0931804465902233
                ],
                [
                    0.24923919659160074,
                    0.20026017753290482,
                    0.1628639471460398,
                    0.13853300367123697,
                    0.11890128234312164,
                    0.10880436429762085,
                    0.09742276044092532,
                    0.08815658689502255,
                    0.08757234236978373,
                    0.08952971749517981
                ],
                [
                    0.24027939464493597,
                    0.19414575866188769,
                    0.15871592539454807,
                    0.13206287552345694,
                    0.1172589139778437,
                    0.10249702734839476,
                    0.08772767990444909,
                    0.08935281837160751,
                    0.0890153737824199,
                    0.08412563110615698
                ],
                [
                    0.22128500506097268,
                    0.18382887908037057,
                    0.14470605090978556,
                    0.12032267470113714,
                    0.10687172454327276,
                    0.09606442644168545,
                    0.08843372324418775,
                    0.08419353260603689,
                    0.08271520593402304,
                    0.07880376631714102
                ],
                [
                    0.19535291173035207,
                    0.1640447582476568,
                    0.13684469603741078,
                    0.116424460729516,
                    0.10169978650024634,
                    0.09261314588728574,
                    0.08192125334982478,
                    0.07692942633099463,
                    0.07390451275343361,
                    0.07388245972316769
                ],
                [
                    0.1713634258434572,
                    0.14465319458749157,
                    0.12182686822589846,
                    0.10796824046505034,
                    0.08957190683097087,
                    0.08265630519251148,
                    0.07649825411529965,
                    0.07523599971609057,
                    0.06998236331569666,
                    0.07050629939744894
                ],
                [
                    0.1433335430692758,
                    0.12558359621451104,
                    0.10875339953197141,
                    0.09657182688042583,
                    0.0853367647981922,
                    0.0764136365069854,
                    0.07153116023479456,
                    0.06669598818761585,
                    0.06474978742166095,
                    0.0609498772008717
                ],
                [
                    0.11473147652707764,
                    0.10518062167460095,
                    0.09730773536325982,
                    0.08533825132031185,
                    0.07687735288290073,
                    0.07171941254106877,
                    0.06542840359170886,
                    0.061814191660570596,
                    0.05692294679861287,
                    0.0556792873051225
                ]
            ],
            "metadata": {
                "bins": [
                    10,
                    10
                ],
                "range": [
                    [
                        0.0,
                        31.0
                    ],
                    [
                        -52.0,
                        0.0
                    ]
                ]
            }
        }

}