{
    "006724-006725": [0.00783085, 0.00595948, 0.00697837, 0.00645995, 0.00729927, 0.0178],
    "006729-006772": [0.00793651, 0.0059952, 0.00702741, 0.00651466, 0.00738007, 0.0178],
    "006775-006778": [0.00797448, 0.00599161, 0.00706714, 0.0064433, 0.00703235, 0.0178],
    "006781-006795": [0.00778816, 0.00592417, 0.00691563, 0.00642261, 0.00655738, 0.0178],
    "006797-006805": [0.00773395, 0.00601685, 0.00698324, 0.00651466, 0.00635728, 0.0178],
    "006807-006816": [0.00762777, 0.0059312, 0.00682594, 0.00643915, 0.00617665, 0.0178],
    "006819-006874": [0.00749064, 0.0059453, 0.00685871, 0.00643915, 0.00620347, 0.0178],
    "006875-006877": [0.00773994, 0.00593472, 0.00692521, 0.00647249, 0.00557724, 0.0178],
    "006974-*": [0.01412, 0.01292, 0.01508, 0.01304, 0.1541, 0.0178],
}
