{
    "001200-001300": [0.005397205768911734, 0.004182231266134224, 0.004716869148226412, 0.004382500082585298, 0.004999854407469636, 1.0],
    "001300-001400": [0.005397205768911734, 0.004182231266134224, 0.004716869148226412, 0.004382500082585298, 0.004999854407469636, 1.0],
    "fallback": [0.005397205768911734, 0.004182231266134224, 0.004716869148226412, 0.004382500082585298, 0.004999854407469636, 1.0],
}